Date,Price,Return
23-08-2017,9852.5,0.89
24-08-2017,9857.05,0.05
28-08-2017,9912.8,0.57
29-08-2017,9796.05,-1.18
30-08-2017,9884.4,0.9
31-08-2017,9917.9,0.34
01-09-2017,9974.4,0.57
04-09-2017,9912.85,-0.62
05-09-2017,9952.2,0.4
06-09-2017,9916.2,-0.36
07-09-2017,9929.9,0.14
08-09-2017,9934.8,0.05
11-09-2017,10006.05,0.72
12-09-2017,10093.05,0.87
13-09-2017,10079.3,-0.14
14-09-2017,10086.6,0.07
15-09-2017,10085.4,-0.01
18-09-2017,10153.1,0.67
19-09-2017,10147.55,-0.05
20-09-2017,10141.15,-0.06
21-09-2017,10121.9,-0.19
22-09-2017,9964.4,-1.56
25-09-2017,9872.6,-0.92
26-09-2017,9871.5,-0.01
27-09-2017,9735.75,-1.38
28-09-2017,9768.95,0.34
29-09-2017,9788.6,0.2
03-10-2017,9859.5,0.72
04-10-2017,9914.9,0.56
05-10-2017,9888.7,-0.26
06-10-2017,9979.7,0.92
9-10-2017,9988.75,0.09
10-10-2017,10016.95,0.28
11-10-2017,9984.8,-0.32
12-10-2017,10096.4,1.12
13-10-2017,10167.45,0.7
16-10-2017,10230.85,0.62
17-10-2017,10234.45,0.04
18-10-2017,10210.85,-0.23
23-10-2017,10184.85,0.38
24-10-2017,10207.7,0.22
25-10-2017,10295.35,0.86
26-10-2017,10343.8,0.47
27-10-2017,10323.05,-0.2
30-10-2017,10363.65,0.39
31-10-2017,10335.3,-0.27
01-11-2017,10440.5,1.02
02-11-2017,10423.8,-0.16
03-11-2017,10452.5,0.28
06-11-2017,10451.8,-0.01
07-11-2017,10350.15,-0.97
8-11-2017,10303.15,-0.45
09-11-2017,10308.95,0.06
10-11-2017,10321.75,0.12
13-11-2017,10224.95,-0.94
14-11-2017,10186.6,-0.38
15-11-2017,10118.05,-0.67
16-11-2017,10214.75,0.96
17-11-2017,10283.6,0.67
20-11-2017,10298.75,0.15
21-11-2017,10326.9,0.27
22-11-2017,10342.3,0.15
23-11-2017,10348.75,0.06
24-11-2017,10389.7,0.4
27-11-2017,10399.55,0.09
28-11-2017,10370.25,-0.28
29-11-2017,10361.3,-0.09
30-11-2017,10226.55,-1.3
04-12-2017,10127.75,0.06
5-12-2017,10118.25,-0.09
6-12-2017,10044.1,-0.73
7-12-2017,10166.7,1.22
08-12-2017,10265.65,0.97
11-12-2017,10322.25,0.55
12-12-2017,10240.15,-0.8
13-12-2017,10192.95,-0.46
14-12-2017,10252.1,0.58
15-12-2017,10333.25,0.79
18-12-2017,10388.75,0.54
19-12-2017,10463.2,0.72
20-12-2017,10444.2,-0.18
21-12-2017,10440.3,-0.04
22-12-2017,10493,0.5
26-12-2017,10531.5,0.37
27-12-2017,10490.75,-0.39
28-12-2017,10477.9,-0.12
29-12-2017,10530.7,0.5
01-01-2018,10435.55,-0.9
02-01-2018,10442.2,0.06
03-01-2018,10443.2,0.01
04-01-2018,10504.8,0.59
05-01-2018,10558.85,0.51
08-01-2018,10623.6,0.61
09-01-2018,10637,0.13
10-01-2018,10632.2,-0.05
11-01-2018,10651.2,0.18
12-01-2018,10681.25,0.28
15-01-2018,10741.55,0.56
16-01-2018,10700.45,-0.38
17-01-2018,10788.55,0.82
18-01-2018,10817,0.26
19-01-2018,10894.7,0.72
22-01-2018,10966.2,0.66
23-01-2018,11083.7,1.07
24-01-2018,11086,0.02
25-01-2018,11069.65,-0.15
29-01-2018,11130.4,0.55
30-01-2018,11049.65,-0.73
31-01-2018,11027.7,-0.2
01-02-2018,11016.9,-0.1
02-02-2018,10760.6,-2.33
05-02-2018,10666.55,-0.87
06-02-2018,10498.25,-1.58
07-02-2018,10476.7,-0.21
08-02-2018,10576.85,0.96
09-02-2018,10454.95,-1.15
12-02-2018,10539.75,0.81
14-02-2018,10500.9,-0.37
15-02-2018,10545.5,0.42
16-02-2018,10452.3,-0.88
20-02-2018,10360.4,-0.17
21-02-2018,10397.45,0.36
22-02-2018,10382.7,-0.14
23-02-2018,10491.05,1.04
26-02-2018,10582.6,0.87
27-02-2018,10554.3,-0.27
28-02-2018,10492.85,-0.58
01-03-2018,10458.35,-0.33
05-03-2018,10358.85,-0.95
06-03-2018,10249.25,-1.06
07-03-2018,10154.2,-0.93
08-03-2018,10242.65,0.87
09-03-2018,10226.85,-0.15
12-03-2018,10421.4,1.9
13-03-2018,10426.85,0.05
14-03-2018,10410.9,-0.15
15-03-2018,10360.15,-0.49
16-03-2018,10195.15,-1.59
19-03-2018,10094.25,-0.99
20-03-2018,10124.35,0.3
21-03-2018,10155.25,0.31
22-03-2018,10114.75,-0.4
23-03-2018,9998.05,-1.15
26-03-2018,10130.65,1.33
27-03-2018,10184.15,0.53
28-03-2018,10113.7,-0.69
03-04-2018,10245,0.33
04-04-2018,10128.4,-1.14
05-04-2018,10325.15,1.94
06-04-2018,10331.6,0.06
09-04-2018,10379.35,0.46
10-04-2018,10402.25,0.22
11-04-2018,10417.15,0.14
12-04-2018,10458.65,0.4
13-04-2018,10480.6,0.21
16-04-2018,10528.35,0.46
17-04-2018,10548.7,0.19
18-04-2018,10526.2,-0.21
19-04-2018,10565.3,0.37
20-04-2018,10564.05,-0.01
23-04-2018,10584.7,0.2
24-04-2018,10614.35,0.28
25-04-2018,10570.55,-0.41
26-04-2018,10617.8,0.45
27-04-2018,10692.3,0.7
02-05-2018,10718.05,-0.2
03-05-2018,10679.65,-0.36
04-05-2018,10618.25,-0.57
07-05-2018,10715.5,0.92
08-05-2018,10717.8,0.02
09-05-2018,10741.7,0.22
10-05-2018,10716.55,-0.23
11-05-2018,10806.5,0.84
14-05-2018,10806.6,0
15-05-2018,10801.85,-0.04
16-05-2018,10741.1,-0.56
17-05-2018,10682.7,-0.54
18-05-2018,10596.4,-0.81
21-05-2018,10516.7,-0.75
22-05-2018,10536.7,0.19
23-05-2018,10430.35,-1.01
24-05-2018,10513.85,0.8
25-05-2018,10605.15,0.87
28-05-2018,10688.65,0.79
29-05-2018,10633.3,-0.52
30-05-2018,10614.35,-0.18
31-05-2018,10736.15,1.15
01-06-2018,10696.2,-0.37
04-06-2018,10628.5,-0.63
05-06-2018,10593.15,-0.33
06-06-2018,10684.65,0.86
07-06-2018,10768.35,0.78
08-06-2018,10767.65,-0.01
11-06-2018,10786.95,0.18
12-06-2018,10842.85,0.52
13-06-2018,10856.7,0.13
14-06-2018,10808.05,-0.45
15-06-2018,10817.7,0.09
18-06-2018,10799.85,-0.17
19-06-2018,10710.45,-0.83
20-06-2018,10772.05,0.58
21-06-2018,10741.1,-0.29
22-06-2018,10821.85,0.75
25-06-2018,10762.45,-0.55
26-06-2018,10769.15,0.06
27-06-2018,10671.4,-0.91
28-06-2018,10589.1,-0.77
29-06-2018,10714.3,1.18
02-07-2018,10657.3,-0.53
03-07-2018,10699.9,0.4
04-07-2018,10769.9,0.65
05-07-2018,10749.75,-0.19
06-07-2018,10772.65,0.21
09-07-2018,10852.9,0.74
10-07-2018,10947.25,0.87
11-07-2018,10948.3,0.01
12-07-2018,11023.2,0.68
13-07-2018,11018.9,-0.04
16-07-2018,10936.85,-0.74
17-07-2018,11008.05,0.65
18-07-2018,10980.45,-0.25
19-07-2018,10957.1,-0.21
20-07-2018,11010.2,0.48
23-07-2018,11084.75,0.68
24-07-2018,11134.3,0.45
25-07-2018,11132,-0.02
26-07-2018,11167.3,0.32
27-07-2018,11278.35,0.99
30-07-2018,11319.55,0.37
31-07-2018,11356.5,0.33
01-08-2018,11346.2,-0.09
02-08-2018,11244.7,-0.89
03-08-2018,11360.8,1.03
06-08-2018,11387.1,0.23
07-08-2018,11389.45,0.02
08-08-2018,11450,0.53
09-08-2018,11470.7,0.18
10-08-2018,11429.5,-0.36
13-08-2018,11355.75,-0.65
14-08-2018,11435.1,0.7
16-08-2018,11385.05,-0.44
20-08-2018,11551.75,0.71
21-08-2018,11570.9,0.17
23-08-2018,11582.75,0.1
24-08-2018,11557.1,-0.22
27-08-2018,11691.95,1.17
28-08-2018,11738.5,0.4
29-08-2018,11691.9,-0.4
30-08-2018,11676.8,-0.13
31-08-2018,11680.5,0.03
03-09-2018,11582.35,-0.84
04-09-2018,11520.3,-0.54
05-09-2018,11476.95,-0.38
06-09-2018,11536.9,0.52
07-09-2018,11589.1,0.45
10-09-2018,11438.1,-1.3
11-09-2018,11287.5,-1.32
12-09-2018,11369.9,0.73
14-09-2018,11515.2,1.28
17-09-2018,11377.75,-1.19
18-09-2018,11278.9,-0.87
19-09-2018,11234.35,-0.39
21-09-2018,11143.1,-0.81
24-09-2018,10967.4,-1.58
25-09-2018,11067.45,0.91
26-09-2018,11053.8,-0.12
27-09-2018,10977.55,-0.69
28-09-2018,10930.45,-0.43
01-10-2018,11008.3,0.71
03-10-2018,10858.25,-1.36
04-10-2018,10599.25,-2.39
5-10-2018,10316.45,-2.67
8-10-2018,10348.05,0.31
09-10-2018,10301.05,-0.45
10-10-2018,10460.1,1.54
11-10-2018,10234.65,-2.16
12-10-2018,10472.5,2.32
15-10-2018,10512.5,0.38
16-10-2018,10584.75,0.69
17-10-2018,10453.05,-1.24
19-10-2018,10303.55,-1.43
22-10-2018,10245.25,-0.57
23-10-2018,10146.8,-0.96
24-10-2018,10224.75,0.77
25-10-2018,10124.9,-0.98
26-10-2018,10030,-0.94
29-10-2018,10250.85,2.2
30-10-2018,10198.4,-0.51
31-10-2018,10386.6,1.85
01-11-2018,10380.45,-0.06
02-11-2018,10553,1.66
5-11-2018,10524,-0.27
06-11-2018,10530,0.06
09-11-2018,10585.2,-0.12
12-11-2018,10482.2,-0.97
13-11-2018,10582.5,0.96
14-11-2018,10576.3,-0.06
15-11-2018,10616.7,0.38
16-11-2018,10682.2,0.62
19-11-2018,10763.4,0.76
20-11-2018,10656.2,-1
22-11-2018,10526.75,-0.69
26-11-2018,10628.6,0.97
27-11-2018,10685.6,0.54
28-11-2018,10728.85,0.4
29-11-2018,10858.7,1.21
30-11-2018,10876.75,0.17
03-12-2018,10883.75,0.06
04-12-2018,10869.5,-0.13
05-12-2018,10782.9,-0.8
06-12-2018,10601.15,-1.69
7-12-2018,10693.7,0.87
10-12-2018,10488.45,-1.92
11-12-2018,10549.15,0.58
12-12-2018,10737.6,1.79
13-12-2018,10791.55,0.5
14-12-2018,10805.45,0.13
17-12-2018,10888.35,0.77
18-12-2018,10908.7,0.19
19-12-2018,10967.3,0.54
20-12-2018,10951.7,-0.14
21-12-2018,10754,-1.81
24-12-2018,10663.5,-0.84
26-12-2018,10729.85,0.62
27-12-2018,10779.8,0.47
28-12-2018,10859.9,0.74
31-12-2018,10862.55,0.02
01-01-2019,10910.1,0.44
02-01-2019,10792.5,-1.08
03-01-2019,10672.25,-1.11
04-01-2019,10727.35,0.52
07-01-2019,10771.8,0.41
08-01-2019,10802.15,0.28
09-01-2019,10855.15,0.49
10-01-2019,10821.6,-0.31
11-01-2019,10794.95,-0.25
14-01-2019,10737.6,-0.53
15-01-2019,10886.8,1.39
16-01-2019,10890.3,0.03
17-01-2019,10905.2,0.14
18-01-2019,10906.95,0.02
21-01-2019,10961.85,0.5
22-01-2019,10922.75,-0.36
23-01-2019,10831.5,-0.84
24-01-2019,10849.8,0.17
25-01-2019,10780.55,-0.64
28-01-2019,10661.55,-1.1
29-01-2019,10652.2,-0.09
30-01-2019,10651.8,0
31-01-2019,10830.95,1.68
01-02-2019,10893.65,0.58
04-02-2019,10912.25,0.17
05-02-2019,10934.35,0.2
06-02-2019,11062.45,1.17
07-02-2019,11069.4,0.06
08-02-2019,10943.6,-1.14
11-02-2019,10888.8,-0.5
12-02-2019,10831.4,-0.53
13-02-2019,10793.65,-0.35
14-02-2019,10746.05,-0.44
15-02-2019,10724.4,-0.2
18-02-2019,10640.95,-0.78
20-02-2019,10735.45,1.24
21-02-2019,10789.85,0.51
22-02-2019,10791.65,0.02
25-02-2019,10880.1,0.82
26-02-2019,10835.3,-0.41
27-02-2019,10806.65,-0.26
28-02-2019,10792.5,-0.13
01-03-2019,10863.5,0.66
05-03-2019,10987.45,1.14
06-03-2019,11053,0.6
07-03-2019,11058.2,0.05
08-03-2019,11035.4,-0.21
11-03-2019,11168.05,1.2
12-03-2019,11301.2,1.19
13-03-2019,11341.7,0.36
14-03-2019,11343.25,0.01
15-03-2019,11426.85,0.74
18-03-2019,11462.2,0.31
19-03-2019,11532.4,0.61
20-03-2019,11521.05,-0.1
22-03-2019,11456.9,-0.56
25-03-2019,11354.25,-0.9
26-03-2019,11483.25,1.14
27-03-2019,11445.05,-0.33
28-03-2019,11570,1.09
29-03-2019,11623.9,0.47
02-04-2019,11713.2,0.38
03-04-2019,11643.95,-0.59
04-04-2019,11598,-0.39
05-04-2019,11665.95,0.59
08-04-2019,11604.5,-0.53
09-04-2019,11671.95,0.58
10-04-2019,11584.3,-0.75
11-04-2019,11596.7,0.11
12-04-2019,11643.45,0.4
15-04-2019,11690.35,0.4
16-04-2019,11787.15,0.83
18-04-2019,11752.8,-0.29
22-04-2019,11594.45,-1.35
23-04-2019,11575.95,-0.16
24-04-2019,11726.15,1.3
25-04-2019,11641.8,-0.72
26-04-2019,11754.65,0.97
30-04-2019,11748.15,-0.06
02-05-2019,11724.75,-0.2
03-05-2019,11712.25,-0.11
06-05-2019,11598.25,-0.97
07-05-2019,11497.9,-0.87
08-05-2019,11359.45,-1.2
09-05-2019,11301.8,-0.51
10-05-2019,11278.9,-0.2
13-05-2019,11148.2,-1.16
14-05-2019,11222.05,0.66
15-05-2019,11157,-0.58
16-05-2019,11257.1,0.9
17-05-2019,11407.15,1.33
20-05-2019,11828.25,3.69
21-05-2019,11709.1,-1.01
22-05-2019,11737.9,0.25
23-05-2019,11657.05,-0.69
24-05-2019,11844.1,1.6
27-05-2019,11924.75,0.68
28-05-2019,11928.75,0.03
29-05-2019,11861.1,-0.57
30-05-2019,11945.9,0.71
31-05-2019,11922.8,-0.19
03-06-2019,12088.55,1.39
04-06-2019,12021.65,-0.55
06-06-2019,11843.75,-1.48
07-06-2019,11870.65,0.23
10-06-2019,11922.7,0.44
11-06-2019,11965.6,0.36
12-06-2019,11906.2,-0.5
13-06-2019,11914.05,0.07
14-06-2019,11823.3,-0.76
17-06-2019,11672.15,-1.28
18-06-2019,11691.5,0.17
19-06-2019,11691.45,0
20-06-2019,11831.75,1.2
21-06-2019,11724.1,-0.91
24-06-2019,11699.65,-0.21
25-06-2019,11796.45,0.83
26-06-2019,11847.55,0.43
27-06-2019,11841.55,-0.05
28-06-2019,11788.85,-0.45
01-07-2019,11865.6,0.65
02-07-2019,11910.3,0.38
03-07-2019,11916.75,0.05
04-07-2019,11946.75,0.25
05-07-2019,11811.15,-1.14
08-07-2019,11558.6,-2.14
09-07-2019,11555.9,-0.02
10-07-2019,11498.9,-0.49
11-07-2019,11582.9,0.73
12-07-2019,11552.5,-0.26
15-07-2019,11588.35,0.31
16-07-2019,11662.6,0.64
17-07-2019,11687.5,0.21
18-07-2019,11596.9,-0.78
19-07-2019,11419.25,-1.53
22-07-2019,11346.2,-0.64
23-07-2019,11331.05,-0.13
24-07-2019,11271.3,-0.53
25-07-2019,11252.15,-0.17
26-07-2019,11284.3,0.29
29-07-2019,11189.2,-0.84
30-07-2019,11085.4,-0.93
31-07-2019,11118,0.29
01-08-2019,10980,-1.24
02-08-2019,10997.35,0.16
05-08-2019,10862.6,-1.23
06-08-2019,10948.25,0.79
07-08-2019,10855.5,-0.85
08-08-2019,11032.45,1.63
09-08-2019,11109.65,0.7
13-08-2019,10925.85,-1.65
14-08-2019,11029.4,0.95
16-08-2019,11047.8,0.17
19-08-2019,11053.9,0.06
20-08-2019,11017,-0.33
21-08-2019,10918.7,-0.89
22-08-2019,10741.35,-1.62
23-08-2019,10829.35,0.82
26-08-2019,11057.85,2.11
27-08-2019,11105.35,0.43
28-08-2019,11046.1,-0.53
29-08-2019,10948.3,-0.89
30-08-2019,11023.25,0.68
03-09-2019,10797.9,-2.04
04-09-2019,10844.65,0.43
05-09-2019,10847.9,0.03
06-09-2019,10946.2,0.91
09-09-2019,11003.05,0.52
11-09-2019,11035.7,0.3
12-09-2019,10982.8,-0.48
13-09-2019,11075.9,0.85
16-09-2019,11003.5,-0.65
17-09-2019,10817.6,-1.69
18-09-2019,10840.65,0.21
19-09-2019,10704.8,-1.25
20-09-2019,11274.2,5.32
23-09-2019,11600.2,2.89
24-09-2019,11588.2,-0.1
25-09-2019,11440.2,-1.28
26-09-2019,11571.2,1.15
27-09-2019,11512.4,-0.51
30-09-2019,11474.45,-0.33
01-10-2019,11359.9,-1
03-10-2019,11314,-0.4
04-10-2019,11174.75,-1.23
07-10-2019,11126.4,-0.43
09-10-2019,11313.3,1.68
10-10-2019,11234.55,-0.7
11-10-2019,11305.05,0.63
14-10-2019,11341.15,0.32
15-10-2019,11428.3,0.77
16-10-2019,11464,0.31
17-10-2019,11586.35,1.07
18-10-2019,11661.85,0.65
22-10-2019,11588.35,-0.63
23-10-2019,11604.1,0.14
24-10-2019,11582.6,-0.19
25-10-2019,11583.9,0.01
29-10-2019,11786.85,1.37
30-10-2019,11844.1,0.49
31-10-2019,11877.45,0.28
01-11-2019,11890.6,0.11
04-11-2019,11941.3,0.43
05-11-2019,11917.2,-0.2
06-11-2019,11966.05,0.41
07-11-2019,12012.05,0.38
08-11-2019,11908.15,-0.86
11-11-2019,11913.45,0.04
13-11-2019,11840.45,-0.61
14-11-2019,11872.1,0.27
15-11-2019,11895.45,0.2
18-11-2019,11884.5,-0.09
19-11-2019,11940.1,0.47
20-11-2019,11999.1,0.49
21-11-2019,11968.4,-0.26
22-11-2019,11914.4,-0.45
25-11-2019,12073.75,1.34
26-11-2019,12037.7,-0.3
27-11-2019,12100.7,0.52
28-11-2019,12151.15,0.42
29-11-2019,12056.05,-0.78
02-12-2019,12048.2,-0.07
03-12-2019,11994.2,-0.45
04-12-2019,12043.2,0.41
05-12-2019,12018.4,-0.21
06-12-2019,11921.5,-0.81
09-12-2019,11937.5,0.13
10-12-2019,11856.8,-0.68
11-12-2019,11910.15,0.45
12-12-2019,11971.8,0.52
13-12-2019,12086.7,0.96
16-12-2019,12053.95,-0.27
17-12-2019,12165,0.92
18-12-2019,12221.65,0.47
19-12-2019,12259.7,0.31
20-12-2019,12271.8,0.1
23-12-2019,12262.75,-0.07
24-12-2019,12214.55,-0.39
26-12-2019,12126.55,-0.72
27-12-2019,12245.8,0.98
30-12-2019,12255.85,0.08
31-12-2019,12168.45,-0.71
01-01-2020,12182.5,0.12
02-01-2020,12282.2,0.82
03-01-2020,12226.65,-0.45
06-01-2020,11993.05,-1.91
07-01-2020,12052.95,0.5
08-01-2020,12025.35,-0.23
09-01-2020,12215.9,1.58
10-01-2020,12256.8,0.33
13-01-2020,12329.55,0.59
14-01-2020,12362.3,0.27
15-01-2020,12343.3,-0.15
16-01-2020,12355.5,0.1
17-01-2020,12352.35,-0.03
20-01-2020,12224.55,-1.03
21-01-2020,12169.85,-0.45
22-01-2020,12106.9,-0.52
23-01-2020,12180.35,0.61
24-01-2020,12248.25,0.56
27-01-2020,12119,-1.06
28-01-2020,12055.8,-0.52
29-01-2020,12129.5,0.61
30-01-2020,12035.8,-0.77
31-01-2020,11962.1,-0.61
03-02-2020,11707.9,0.39
04-02-2020,11979.65,2.32
05-02-2020,12089.15,0.91
06-02-2020,12137.95,0.4
07-02-2020,12098.35,-0.33
10-02-2020,12031.5,-0.55
11-02-2020,12107.9,0.63
12-02-2020,12201.2,0.77
13-02-2020,12174.65,-0.22
14-02-2020,12113.45,-0.5
17-02-2020,12045.8,-0.56
18-02-2020,11992.5,-0.44
20-02-2020,12080.85,-0.37
24-02-2020,11829.4,-2.08
25-02-2020,11797.9,-0.27
26-02-2020,11678.5,-1.01
27-02-2020,11633.3,-0.39
28-02-2020,11201.75,-3.71
02-03-2020,11132.75,-0.62
03-03-2020,11303.3,1.53
04-03-2020,11251,-0.46
05-03-2020,11269,0.16
06-03-2020,10989.45,-2.48
09-03-2020,10451.45,-4.9
11-03-2020,10458.4,0.07
12-03-2020,9590.15,-8.3
13-03-2020,9955.2,3.81
16-03-2020,9197.4,-7.61
17-03-2020,8967.05,-2.5
18-03-2020,8468.8,-5.56
19-03-2020,8263.45,-2.42
20-03-2020,8745.45,5.83
23-03-2020,7610.25,-12.98
24-03-2020,7801.05,2.51
26-03-2020,8641.45,3.89
27-03-2020,8660.25,0.22
30-03-2020,8281.1,-4.38
31-03-2020,8597.75,3.82
03-04-2020,8083.8,-2.06
07-04-2020,8792.2,8.76
08-04-2020,8748.75,-0.49
09-04-2020,9111.9,4.15
13-04-2020,8993.85,-1.3
15-04-2020,8925.3,-0.76
16-04-2020,8992.8,0.76
17-04-2020,9266.75,3.05
20-04-2020,9261.85,-0.05
21-04-2020,8981.45,-3.03
22-04-2020,9187.3,2.29
23-04-2020,9313.9,1.38
24-04-2020,9154.4,-1.71
27-04-2020,9282.3,1.4
28-04-2020,9380.9,1.06
29-04-2020,9553.35,1.84
30-04-2020,9859.9,3.21
04-05-2020,9293.5,-5.74
05-05-2020,9205.6,-0.95
06-05-2020,9270.9,0.71
08-05-2020,9251.5,0.57
11-05-2020,9239.2,-0.13
12-05-2020,9196.55,-0.46
13-05-2020,9383.55,2.03
14-05-2020,9142.75,-2.57
15-05-2020,9136.85,-0.06
18-05-2020,8823.25,-3.43
19-05-2020,8879.1,0.63
20-05-2020,9066.55,2.11
21-05-2020,9106.25,0.44
22-05-2020,9039.25,-0.74
26-05-2020,9029.05,-0.11
27-05-2020,9314.95,3.17
28-05-2020,9490.1,1.88
29-05-2020,9580.3,0.95
01-06-2020,9826.15,2.57
02-06-2020,9979.1,1.56
03-06-2020,10061.55,0.83
04-06-2020,10029.1,-0.32
05-06-2020,10142.15,1.13
08-06-2020,10167.45,0.25
09-06-2020,10046.65,-1.19
10-06-2020,10116.15,0.69
11-06-2020,9902,-2.12
12-06-2020,9972.9,0.72
15-06-2020,9813.7,-1.6
16-06-2020,9914,1.02
17-06-2020,9881.15,-0.33
18-06-2020,10091.65,2.13
19-06-2020,10244.4,1.51
22-06-2020,10311.2,0.65
23-06-2020,10471,1.55
24-06-2020,10305.3,-1.58
25-06-2020,10288.9,-0.16
26-06-2020,10383,0.91
29-06-2020,10312.4,-0.68
30-06-2020,10302.1,-0.1
01-07-2020,10430.05,1.24
02-07-2020,10551.7,1.17
03-07-2020,10607.35,0.53
06-07-2020,10763.65,1.47
07-07-2020,10799.65,0.33
08-07-2020,10705.75,-0.87
09-07-2020,10813.45,1.01
10-07-2020,10768.05,-0.42
13-07-2020,10802.7,0.32
14-07-2020,10607.35,-1.81
15-07-2020,10618.2,0.1
16-07-2020,10739.95,1.15
17-07-2020,10901.7,1.51
20-07-2020,11022.2,1.11
21-07-2020,11162.25,1.27
22-07-2020,11132.6,-0.27
23-07-2020,11215.45,0.74
24-07-2020,11194.15,-0.19
27-07-2020,11131.8,-0.56
28-07-2020,11300.55,1.52
29-07-2020,11202.85,-0.86
30-07-2020,11102.15,-0.9
31-07-2020,11073.45,-0.26
03-08-2020,10891.6,-1.64
04-08-2020,11095.25,1.87
05-08-2020,11101.65,0.06
06-08-2020,11200.15,0.89
07-08-2020,11214.05,0.12
10-08-2020,11270.15,0.5
11-08-2020,11322.5,0.46
12-08-2020,11308.4,-0.12
13-08-2020,11300.45,-0.07
14-08-2020,11178.4,-1.08
17-08-2020,11247.1,0.61
18-08-2020,11385.35,1.23
19-08-2020,11408.4,0.2
20-08-2020,11312.2,-0.84
21-08-2020,11371.6,0.53
24-08-2020,11466.45,0.83
25-08-2020,11472.25,0.05
26-08-2020,11549.6,0.67
27-08-2020,11559.25,0.08
28-08-2020,11647.6,0.76
31-08-2020,11387.5,-2.23
01-09-2020,11470.25,0.73
02-09-2020,11535,0.56
03-09-2020,11527.45,-0.07
04-09-2020,11333.85,-1.68
07-09-2020,11355.05,0.19
08-09-2020,11317.35,-0.33
09-09-2020,11278,-0.35
10-09-2020,11449.25,1.52
11-09-2020,11464.45,0.13
14-09-2020,11440.05,-0.21
15-09-2020,11521.8,0.71
16-09-2020,11604.55,0.72
17-09-2020,11516.1,-0.76
18-09-2020,11504.95,-0.1
21-09-2020,11250.55,-2.21
22-09-2020,11153.65,-0.86
23-09-2020,11131.85,-0.2
24-09-2020,10805.55,-2.93
25-09-2020,11050.25,2.26
28-09-2020,11227.55,1.6
29-09-2020,11222.4,-0.05
30-09-2020,11247.55,0.22
01-10-2020,11416.95,1.51
05-10-2020,11503.35,0.76
06-10-2020,11662.4,1.38
07-10-2020,11738.85,0.66
8-10-2020,11834.6,0.82
9-10-2020,11914.2,0.67
12-10-2020,11930.95,0.14
13-10-2020,11934.5,0.03
14-10-2020,11971.05,0.31
15-10-2020,11680.35,-2.43
16-10-2020,11762.45,0.7
19-10-2020,11873.05,0.94
20-10-2020,11896.8,0.2
21-10-2020,11937.65,0.34
22-10-2020,11896.45,-0.35
23-10-2020,11930.35,0.28
26-10-2020,11767.75,-1.36
27-10-2020,11889.4,1.03
28-10-2020,11729.6,-1.34
29-10-2020,11670.8,-0.5
02-11-2020,11669.15,0.23
03-11-2020,11813.5,1.24
4-11-2020,11908.5,0.8
5-11-2020,12120.3,1.78
6-11-2020,12263.55,1.18
09-11-2020,12461.05,1.61
10-11-2020,12631.1,1.36
11-11-2020,12749.15,0.93
12-11-2020,12690.8,-0.46
13-11-2020,12719.95,0.23
17-11-2020,12874.2,0.74
18-11-2020,12938.25,0.5
19-11-2020,12771.7,-1.29
20-11-2020,12859.05,0.68
23-11-2020,12926.45,0.52
24-11-2020,13055.15,1
25-11-2020,12858.4,-1.51
26-11-2020,12987,1
27-11-2020,12968.95,-0.14
01-12-2020,13109.05,1.08
02-12-2020,13113.75,0.04
03-12-2020,13133.9,0.15
04-12-2020,13258.55,0.95
7-12-2020,13355.75,0.73
08-12-2020,13392.95,0.28
09-12-2020,13529.1,1.02
10-12-2020,13478.3,-0.38
11-12-2020,13513.85,0.26
14-12-2020,13558.15,0.33
15-12-2020,13567.85,0.07
16-12-2020,13682.7,0.85
17-12-2020,13740.7,0.42
18-12-2020,13760.55,0.14
21-12-2020,13328.4,-3.14
22-12-2020,13466.3,1.03
23-12-2020,13601.1,1
24-12-2020,13749.25,1.09
28-12-2020,13873.2,0.9
29-12-2020,13932.6,0.43
30-12-2020,13981.95,0.35
31-12-2020,13981.75,0
01-01-2021,14018.5,0.26
04-01-2021,14132.9,0.82
05-01-2021,14199.5,0.47
06-01-2021,14146.25,-0.38
07-01-2021,14137.35,-0.06
08-01-2021,14347.25,1.48
11-01-2021,14484.75,0.96
12-01-2021,14563.45,0.54
13-01-2021,14564.85,0.01
14-01-2021,14595.6,0.21
15-01-2021,14433.7,-1.11
18-01-2021,14281.3,-1.06
19-01-2021,14521.15,1.68
20-01-2021,14644.7,0.85
21-01-2021,14590.35,-0.37
22-01-2021,14371.9,-1.5
25-01-2021,14238.9,-0.93
27-01-2021,13967.5,-1.91
28-01-2021,13817.55,-1.07
29-01-2021,13634.6,-1.32
01-02-2021,14281.2,4.74
02-02-2021,14647.85,2.57
03-02-2021,14789.95,0.97
04-02-2021,14895.65,0.71
05-02-2021,14924.25,0.19
08-02-2021,15115.8,1.28
09-02-2021,15109.3,-0.04
10-02-2021,15106.5,-0.02
11-02-2021,15173.3,0.44
12-02-2021,15163.3,-0.07
15-02-2021,15314.7,1
16-02-2021,15313.45,-0.01
17-02-2021,15208.9,-0.68
18-02-2021,15118.95,-0.59
22-02-2021,14675.7,-2.04
23-02-2021,14707.8,0.22
24-02-2021,14982,1.86
25-02-2021,15097.35,0.77
26-02-2021,14529.15,-3.76
01-03-2021,14761.55,1.6
02-03-2021,14919.1,1.07
03-03-2021,15245.6,2.19
04-03-2021,15080.75,-1.08
05-03-2021,14938.1,-0.95
08-03-2021,14956.2,0.12
09-03-2021,15098.4,0.95
10-03-2021,15174.8,0.51
12-03-2021,15030.95,-0.95
15-03-2021,14929.5,-0.67
16-03-2021,14910.45,-0.13
17-03-2021,14721.3,-1.27
18-03-2021,14557.85,-1.11
19-03-2021,14744,1.28
22-03-2021,14736.4,-0.05
23-03-2021,14814.75,0.53
24-03-2021,14549.4,-1.79
25-03-2021,14324.9,-1.54
26-03-2021,14507.3,1.27
30-03-2021,14845.1,2.33
31-03-2021,14690.7,-1.04
05-04-2021,14637.8,-1.54
06-04-2021,14683.5,0.31
07-04-2021,14819.05,0.92
08-04-2021,14873.8,0.37
09-04-2021,14834.85,-0.26
12-04-2021,14310.8,-3.53
15-04-2021,14581.45,0.53
16-04-2021,14617.85,0.25
19-04-2021,14359.45,-1.77
20-04-2021,14296.4,-0.44
22-04-2021,14406.15,0.77
23-04-2021,14341.35,-0.45
26-04-2021,14485,1
27-04-2021,14653.05,1.16
28-04-2021,14864.55,1.44
29-04-2021,14894.9,0.2
30-04-2021,14631.1,-1.77
03-05-2021,14634.15,0.02
04-05-2021,14496.5,-0.94
05-05-2021,14617.85,0.84
06-05-2021,14724.8,0.73
07-05-2021,14823.15,0.67
10-05-2021,14942.35,0.8
11-05-2021,14850.75,-0.61
12-05-2021,14696.5,-1.04
14-05-2021,14677.8,-0.13
17-05-2021,14923.15,1.67
18-05-2021,15108.1,1.24
19-05-2021,15030.15,-0.52
20-05-2021,14906.05,-0.83
21-05-2021,15175.3,1.81
24-05-2021,15197.7,0.15
25-05-2021,15208.45,0.07
27-05-2021,15337.85,0.24
28-05-2021,15435.65,0.64
31-05-2021,15582.8,0.95
01-06-2021,15574.85,-0.05
02-06-2021,15576.2,0.01
03-06-2021,15690.35,0.73
04-06-2021,15670.25,-0.13
07-06-2021,15751.65,0.52
08-06-2021,15740.1,-0.07
09-06-2021,15635.35,-0.67
10-06-2021,15737.75,0.65
11-06-2021,15799.35,0.39
14-06-2021,15811.85,0.08
15-06-2021,15869.25,0.36
16-06-2021,15767.55,-0.64
17-06-2021,15691.4,-0.48
18-06-2021,15683.35,-0.05
21-06-2021,15746.5,0.4
22-06-2021,15772.75,0.17
23-06-2021,15686.95,-0.54
24-06-2021,15790.45,0.66
25-06-2021,15860.35,0.44
28-06-2021,15814.7,-0.29
29-06-2021,15748.45,-0.42
30-06-2021,15721.5,-0.17
01-07-2021,15680,-0.26
02-07-2021,15722.2,0.27
05-07-2021,15834.35,0.71
06-07-2021,15818.25,-0.1
07-07-2021,15879.65,0.39
08-07-2021,15727.9,-0.96
09-07-2021,15689.8,-0.24
12-07-2021,15692.6,0.02
13-07-2021,15812.35,0.76
14-07-2021,15853.95,0.26
15-07-2021,15924.2,0.44
16-07-2021,15923.4,-0.01
19-07-2021,15752.4,-1.07
20-07-2021,15632.1,-0.76
22-07-2021,15824.05,1.23
23-07-2021,15856.05,0.2
26-07-2021,15824.45,-0.2
27-07-2021,15746.45,-0.49
28-07-2021,15709.4,-0.24
29-07-2021,15778.45,0.44
30-07-2021,15763.05,-0.1
02-08-2021,15885.15,0.77
03-08-2021,16130.75,1.55
04-08-2021,16258.8,0.79
05-08-2021,16294.6,0.22
06-08-2021,16238.2,-0.35
09-08-2021,16258.25,0.12
10-08-2021,16280.1,0.13
11-08-2021,16282.25,0.01
12-08-2021,16364.4,0.5
13-08-2021,16529.1,1.01
17-08-2021,16614.6,0.31
18-08-2021,16568.85,-0.28
20-08-2021,16450.5,-0.71
23-08-2021,16496.45,0.28
24-08-2021,16624.6,0.78
25-08-2021,16634.65,0.06
26-08-2021,16636.9,0.01
27-08-2021,16705.2,0.41
30-08-2021,16931.05,1.35
31-08-2021,17132.2,1.19
01-09-2021,17076.25,-0.33
02-09-2021,17234.15,0.92
03-09-2021,17323.6,0.52
06-09-2021,17377.8,0.31
07-09-2021,17362.1,-0.09
08-09-2021,17353.5,-0.05
09-09-2021,17369.25,0.09
13-09-2021,17355.3,-0.08
14-09-2021,17380,0.14
15-09-2021,17519.45,0.8
16-09-2021,17629.5,0.63
17-09-2021,17585.15,-0.25
20-09-2021,17396.9,-1.07
21-09-2021,17562,0.95
22-09-2021,17546.65,-0.09
23-09-2021,17822.95,1.57
24-09-2021,17853.2,0.17
27-09-2021,17855.1,0.01
28-09-2021,17748.6,-0.6
29-09-2021,17711.3,-0.21
30-09-2021,17618.15,-0.53
01-10-2021,17532.05,-0.49
04-10-2021,17691.25,0.91
05-10-2021,17822.3,0.74
06-10-2021,17646,-0.99
7-10-2021,17790.35,0.82
8-10-2021,17895.2,0.59
11-10-2021,17945.95,0.28
12-10-2021,17991.95,0.26
13-10-2021,18161.75,0.94
14-10-2021,18338.55,0.97
18-10-2021,18477.05,0.76
20-10-2021,18266.6,-0.83
21-10-2021,18178.1,-0.48
22-10-2021,18114.9,-0.35
25-10-2021,18125.4,0.06
26-10-2021,18268.4,0.79
27-10-2021,18210.95,-0.31
28-10-2021,17857.25,-1.94
29-10-2021,17671.65,-1.04
01-11-2021,17929.65,1.46
02-11-2021,17888.95,-0.23
03-11-2021,17829.2,-0.33
08-11-2021,18068.55,0.85
09-11-2021,18044.25,-0.13
10-11-2021,18017.2,-0.15
11-11-2021,17873.6,-0.8
12-11-2021,18102.75,1.28
15-11-2021,18109.45,0.04
16-11-2021,17999.2,-0.61
17-11-2021,17898.65,-0.56
18-11-2021,17764.8,-0.75
22-11-2021,17416.55,-1.96
23-11-2021,17503.35,0.5
24-11-2021,17415.05,-0.5
25-11-2021,17536.25,0.7
26-11-2021,17026.45,-2.91
29-11-2021,17053.95,0.16
30-11-2021,16983.2,-0.41
01-12-2021,17166.9,1.08
02-12-2021,17401.65,1.37
03-12-2021,17196.7,-1.18
06-12-2021,16912.25,-1.65
07-12-2021,17176.7,1.56
08-12-2021,17469.75,1.71
09-12-2021,17516.85,0.27
10-12-2021,17511.3,-0.03
13-12-2021,17368.25,-0.82
14-12-2021,17324.9,-0.25
15-12-2021,17221.4,-0.6
16-12-2021,17248.4,0.16
17-12-2021,16985.2,-1.53
20-12-2021,16614.2,-2.18
21-12-2021,16770.85,0.94
22-12-2021,16955.45,1.1
23-12-2021,17072.6,0.69
24-12-2021,17003.75,-0.4
27-12-2021,17086.25,0.49
28-12-2021,17233.25,0.86
29-12-2021,17213.6,-0.11
30-12-2021,17203.95,-0.06
31-12-2021,17354.05,0.87
03-01-2022,17625.7,1.57
04-01-2022,17805.25,1.02
05-01-2022,17925.25,0.67
06-01-2022,17745.9,-1
07-01-2022,17812.7,0.38
10-01-2022,18003.3,1.07
11-01-2022,18055.75,0.29
12-01-2022,18212.35,0.87
13-01-2022,18257.8,0.25
14-01-2022,18255.75,-0.01
17-01-2022,18308.1,0.29
18-01-2022,18113.05,-1.07
19-01-2022,17938.4,-0.96
20-01-2022,17757,-1.01
21-01-2022,17617.15,-0.79
24-01-2022,17149.1,-2.66
25-01-2022,17277.95,0.75
27-01-2022,17110.15,-0.97
28-01-2022,17101.95,-0.05
31-01-2022,17339.85,1.39
01-02-2022,17576.85,1.37
02-02-2022,17780,1.16
03-02-2022,17560.2,-1.24
04-02-2022,17516.3,-0.25
08-02-2022,17266.75,0.31
09-02-2022,17463.8,1.14
10-02-2022,17605.85,0.81
11-02-2022,17374.75,-1.31
14-02-2022,16842.8,-3.06
15-02-2022,17352.45,3.03
16-02-2022,17322.2,-0.17
17-02-2022,17304.6,-0.1
18-02-2022,17276.3,-0.16
21-02-2022,17206.65,-0.4
22-02-2022,17092.2,-0.67
23-02-2022,17063.25,-0.17
24-02-2022,16247.95,-4.78
25-02-2022,16658.4,2.53
28-02-2022,16793.9,0.81
02-03-2022,16605.95,-1.12
03-03-2022,16498.05,-0.65
04-03-2022,16245.35,-1.53
07-03-2022,15863.15,-2.35
08-03-2022,16013.45,0.95
09-03-2022,16345.35,2.07
10-03-2022,16594.9,1.53
11-03-2022,16630.45,0.21
14-03-2022,16871.3,1.45
15-03-2022,16663,-1.23
16-03-2022,16975.35,1.87
17-03-2022,17287.05,1.84
21-03-2022,17117.6,-0.98
22-03-2022,17315.5,1.16
23-03-2022,17245.65,-0.4
24-03-2022,17222.75,-0.13
25-03-2022,17153,-0.4
28-03-2022,17222,0.4
29-03-2022,17325.3,0.6
30-03-2022,17498.25,1
31-03-2022,17464.75,-0.19
04-04-2022,18053.4,2.17
05-04-2022,17957.4,-0.53
06-04-2022,17807.65,-0.83
07-04-2022,17639.55,-0.94
08-04-2022,17784.35,0.82
11-04-2022,17674.95,-0.62
12-04-2022,17530.3,-0.82
13-04-2022,17475.65,-0.31
18-04-2022,17173.65,-1.73
19-04-2022,16958.65,-1.25
20-04-2022,17136.55,1.05
21-04-2022,17392.6,1.49
22-04-2022,17171.95,-1.27
25-04-2022,16953.95,-1.27
26-04-2022,17200.8,1.46
27-04-2022,17038.4,-0.94
28-04-2022,17245.05,1.21
29-04-2022,17102.55,-0.83
02-05-2022,17069.1,-0.2
04-05-2022,16677.6,-2.29
05-05-2022,16682.65,0.03
06-05-2022,16411.25,-1.63
09-05-2022,16301.85,-0.67
10-05-2022,16240.05,-0.38
11-05-2022,16167.1,-0.45
12-05-2022,15808,-2.22
13-05-2022,15782.15,-0.16
17-05-2022,16259.3,2.63
18-05-2022,16240.3,-0.12
19-05-2022,15809.4,-2.65
20-05-2022,16266.15,2.89
23-05-2022,16214.7,-0.32
24-05-2022,16125.15,-0.55
25-05-2022,16025.8,-0.62
26-05-2022,16170.15,0.9
27-05-2022,16352.45,1.13
30-05-2022,16661.4,1.89
31-05-2022,16584.55,-0.46
01-06-2022,16522.75,-0.37
02-06-2022,16628,0.64
03-06-2022,16584.3,-0.26
06-06-2022,16569.55,-0.09
07-06-2022,16416.35,-0.92
08-06-2022,16356.25,-0.37
09-06-2022,16478.1,0.74
10-06-2022,16201.8,-1.68
13-06-2022,15774.4,-2.64
14-06-2022,15732.1,-0.27
15-06-2022,15692.15,-0.25
16-06-2022,15360.6,-2.11
17-06-2022,15293.5,-0.44
20-06-2022,15350.15,0.37
21-06-2022,15638.8,1.88
22-06-2022,15413.3,-1.44
23-06-2022,15556.65,0.93
24-06-2022,15699.25,0.92
27-06-2022,15832.05,0.85
28-06-2022,15850.2,0.11
29-06-2022,15799.1,-0.32
30-06-2022,15780.25,-0.12
01-07-2022,15752.05,-0.18
04-07-2022,15835.35,0.53
05-07-2022,15810.85,-0.15
06-07-2022,15989.8,1.13
07-07-2022,16132.9,0.89
08-07-2022,16220.6,0.54
11-07-2022,16216,-0.03
12-07-2022,16058.3,-0.97
13-07-2022,15966.65,-0.57
14-07-2022,15938.65,-0.18
15-07-2022,16049.2,0.69
18-07-2022,16278.5,1.43
19-07-2022,16340.55,0.38
20-07-2022,16520.85,1.1
21-07-2022,16605.25,0.51
22-07-2022,16719.45,0.69
25-07-2022,16631,-0.53
26-07-2022,16483.85,-0.88
27-07-2022,16641.8,0.96
28-07-2022,16929.6,1.73
29-07-2022,17158.25,1.35
01-08-2022,17340.05,1.06
02-08-2022,17345.45,0.03
03-08-2022,17388.15,0.25
04-08-2022,17382,-0.04
05-08-2022,17397.5,0.09
08-08-2022,17525.1,0.73
10-08-2022,17534.75,0.06
11-08-2022,17659,0.71
12-08-2022,17698.15,0.22
17-08-2022,17944.25,0.67
18-08-2022,17956.5,0.07
19-08-2022,17758.45,-1.1
22-08-2022,17490.7,-1.51
23-08-2022,17577.5,0.5
24-08-2022,17604.95,0.16
25-08-2022,17522.45,-0.47
26-08-2022,17558.9,0.21
29-08-2022,17312.9,-1.4
30-08-2022,17759.3,2.58
01-09-2022,17542.8,-1.22
02-09-2022,17539.45,-0.02
05-09-2022,17665.8,0.72
06-09-2022,17655.6,-0.06
07-09-2022,17624.4,-0.18
08-09-2022,17798.75,0.99
09-09-2022,17833.35,0.19
12-09-2022,17936.35,0.58
13-09-2022,18070.05,0.75
14-09-2022,18003.75,-0.37
15-09-2022,17877.4,-0.7
16-09-2022,17530.85,-1.94
19-09-2022,17622.25,0.52
20-09-2022,17816.25,1.1
21-09-2022,17718.35,-0.55
22-09-2022,17629.8,-0.5
23-09-2022,17327.35,-1.72
26-09-2022,17016.3,-1.8
27-09-2022,17007.4,-0.05
28-09-2022,16858.6,-0.87
29-09-2022,16818.1,-0.24
30-09-2022,17094.35,1.64
03-10-2022,16887.35,-1.21
04-10-2022,17274.3,2.29
06-10-2022,17331.8,0.33
07-10-2022,17314.65,-0.1
10-10-2022,17241,-0.43
11-10-2022,16983.55,-1.49
12-10-2022,17123.6,0.82
13-10-2022,17014.35,-0.64
14-10-2022,17185.7,1.01
17-10-2022,17311.8,0.73
18-10-2022,17486.95,1.01
19-10-2022,17512.25,0.14
20-10-2022,17563.95,0.3
21-10-2022,17576.3,0.07
25-10-2022,17656.35,-0.42
27-10-2022,17736.95,0.46
28-10-2022,17786.8,0.28
31-10-2022,18012.2,1.27
01-11-2022,18145.4,0.74
02-11-2022,18082.85,-0.34
03-11-2022,18052.7,-0.17
04-11-2022,18117.15,0.36
07-11-2022,18202.8,0.47
09-11-2022,18157,-0.25
10-11-2022,18028.2,-0.71
11-11-2022,18349.7,1.78
14-11-2022,18329.15,-0.11
15-11-2022,18403.4,0.41
16-11-2022,18409.65,0.03
17-11-2022,18343.9,-0.36
18-11-2022,18307.65,-0.2
21-11-2022,18159.95,-0.81
22-11-2022,18244.2,0.46
23-11-2022,18267.25,0.13
24-11-2022,18484.1,1.19
25-11-2022,18512.75,0.15
28-11-2022,18562.75,0.27
29-11-2022,18618.05,0.3
30-11-2022,18758.35,0.75
01-12-2022,18812.5,0.29
02-12-2022,18696.1,-0.62
05-12-2022,18701.05,0.03
06-12-2022,18642.75,-0.31
07-12-2022,18560.5,-0.44
08-12-2022,18609.35,0.26
09-12-2022,18496.6,-0.61
12-12-2022,18497.15,0
13-12-2022,18608,0.6
14-12-2022,18660.3,0.28
15-12-2022,18414.9,-1.32
16-12-2022,18269,-0.79
19-12-2022,18420.45,0.83
20-12-2022,18385.3,-0.19
21-12-2022,18199.1,-1.01
22-12-2022,18127.35,-0.39
23-12-2022,17806.8,-1.77
26-12-2022,18014.6,1.17
27-12-2022,18132.3,0.65
28-12-2022,18122.5,-0.05
29-12-2022,18191,0.38
30-12-2022,18105.3,-0.47
02-01-2023,18197.45,0.51
03-01-2023,18232.55,0.19
04-01-2023,18042.95,-1.04
05-01-2023,17992.15,-0.28
06-01-2023,17859.45,-0.74
09-01-2023,18101.2,1.35
10-01-2023,17914.15,-1.03
11-01-2023,17895.7,-0.1
12-01-2023,17858.2,-0.21
13-01-2023,17956.6,0.55
16-01-2023,17894.85,-0.34
17-01-2023,18053.3,0.89
18-01-2023,18165.35,0.62
19-01-2023,18107.85,-0.32
20-01-2023,18027.65,-0.44
23-01-2023,18118.55,0.5
24-01-2023,18118.3,0
25-01-2023,17891.95,-1.25
27-01-2023,17604.35,-1.61
30-01-2023,17648.95,0.25
31-01-2023,17662.15,0.07
01-02-2023,17616.3,-0.26
02-02-2023,17610.4,-0.03
03-02-2023,17854.05,1.38
06-02-2023,17764.6,-0.5
07-02-2023,17721.5,-0.24
08-02-2023,17871.7,0.85
09-02-2023,17893.45,0.12
10-02-2023,17856.5,-0.21
13-02-2023,17770.9,-0.48
14-02-2023,17929.85,0.89
15-02-2023,18015.85,0.48
16-02-2023,18035.85,0.11
17-02-2023,17944.2,-0.51
20-02-2023,17844.6,-0.56
21-02-2023,17826.7,-0.1
22-02-2023,17554.3,-1.53
23-02-2023,17511.25,-0.25
24-02-2023,17465.8,-0.26
27-02-2023,17392.7,-0.42
28-02-2023,17303.95,-0.51
01-03-2023,17450.9,0.85
02-03-2023,17321.9,-0.74
03-03-2023,17594.35,1.57
06-03-2023,17711.45,0.67
08-03-2023,17754.4,0.24
09-03-2023,17589.6,-0.93
10-03-2023,17412.9,-1
13-03-2023,17154.3,-1.49
14-03-2023,17043.3,-0.65
15-03-2023,16972.15,-0.42
16-03-2023,16985.6,0.08
17-03-2023,17100.05,0.67
20-03-2023,16988.4,-0.65
21-03-2023,17107.5,0.7
23-03-2023,17076.9,-0.44
24-03-2023,16945.05,-0.77
27-03-2023,16985.7,0.24
28-03-2023,16951.7,-0.2
29-03-2023,17080.7,0.76
31-03-2023,17359.75,1.63
03-04-2023,17398.05,0.22
05-04-2023,17557.05,0.91
06-04-2023,17599.15,0.24
10-04-2023,17624.05,0.14
11-04-2023,17722.3,0.56
12-04-2023,17812.4,0.51
13-04-2023,17828,0.09
17-04-2023,17706.85,-0.68
18-04-2023,17660.15,-0.26
19-04-2023,17618.75,-0.23
20-04-2023,17624.45,0.03
21-04-2023,17624.05,0
24-04-2023,17743.4,0.68
25-04-2023,17769.25,0.15
26-04-2023,17813.6,0.25
27-04-2023,17915.05,0.57
28-04-2023,18065,0.84
02-05-2023,18147.65,0.46
03-05-2023,18089.85,-0.32
04-05-2023,18255.8,0.92
08-05-2023,18264.4,1.08
09-05-2023,18265.95,0.01
10-05-2023,18315.1,0.27
11-05-2023,18297,-0.1
12-05-2023,18314.8,0.1
15-05-2023,18398.85,0.46
16-05-2023,18286.5,-0.61
17-05-2023,18181.75,-0.57
18-05-2023,18129.95,-0.28
19-05-2023,18203.4,0.41
22-05-2023,18314.4,0.61
23-05-2023,18348,0.18
24-05-2023,18285.4,-0.34
25-05-2023,18321.15,0.2
26-05-2023,18499.35,0.97
29-05-2023,18598.65,0.54
30-05-2023,18633.85,0.19
31-05-2023,18534.4,-0.53
01-06-2023,18487.75,-0.25
02-06-2023,18534.1,0.25
05-06-2023,18593.85,0.32
06-06-2023,18599,0.03
07-06-2023,18726.4,0.68
08-06-2023,18634.55,-0.49
09-06-2023,18563.4,-0.38
12-06-2023,18601.5,0.21
13-06-2023,18716.15,0.62
14-06-2023,18755.9,0.21
15-06-2023,18688.1,-0.36
16-06-2023,18826,0.74
19-06-2023,18755.45,-0.37
20-06-2023,18816.7,0.33
21-06-2023,18856.85,0.21
22-06-2023,18771.25,-0.45
23-06-2023,18665.5,-0.56
26-06-2023,18691.2,0.14
27-06-2023,18817.4,0.68
28-06-2023,18972.1,0.82
30-06-2023,19189.05,1.14
03-07-2023,19322.55,0.7
04-07-2023,19389,0.34
05-07-2023,19398.5,0.05
06-07-2023,19497.3,0.51
07-07-2023,19331.8,-0.85
10-07-2023,19355.9,0.12
11-07-2023,19439.4,0.43
12-07-2023,19384.3,-0.28
13-07-2023,19413.75,0.15
14-07-2023,19564.5,0.78
17-07-2023,19711.45,0.75
18-07-2023,19749.25,0.19
19-07-2023,19833.15,0.42
20-07-2023,19979.15,0.74
21-07-2023,19745,-1.17
24-07-2023,19672.35,-0.37
25-07-2023,19680.6,0.04
26-07-2023,19778.3,0.5
27-07-2023,19659.9,-0.6
28-07-2023,19646.05,-0.07
31-07-2023,19753.8,0.55
01-08-2023,19733.55,-0.1
02-08-2023,19526.55,-1.05
03-08-2023,19381.65,-0.74
04-08-2023,19517,0.7
07-08-2023,19597.3,0.41
08-08-2023,19570.85,-0.13
09-08-2023,19632.55,0.32
10-08-2023,19543.1,-0.46
11-08-2023,19428.3,-0.59
14-08-2023,19434.55,0.03
17-08-2023,19365.25,-0.51
18-08-2023,19310.15,-0.28
21-08-2023,19393.6,0.43
22-08-2023,19396.45,0.01
23-08-2023,19444,0.25
24-08-2023,19386.7,-0.29
25-08-2023,19265.8,-0.62
28-08-2023,19306.05,0.21
29-08-2023,19342.65,0.19
30-08-2023,19347.45,0.02
31-08-2023,19253.8,-0.48
01-09-2023,19435.3,0.94
04-09-2023,19528.8,0.48
05-09-2023,19574.9,0.24
06-09-2023,19611.05,0.18
07-09-2023,19727.05,0.59
08-09-2023,19819.95,0.47
11-09-2023,19996.35,0.89
12-09-2023,19993.2,-0.02
13-09-2023,20070,0.38
14-09-2023,20103.1,0.16
15-09-2023,20192.35,0.44
18-09-2023,20133.3,-0.29
20-09-2023,19901.4,-1.15
21-09-2023,19742.35,-0.8
22-09-2023,19674.25,-0.34
25-09-2023,19674.55,0
26-09-2023,19664.7,-0.05
27-09-2023,19716.45,0.26
28-09-2023,19523.55,-0.98
29-09-2023,19638.3,0.59
03-10-2023,19528.75,-0.56
04-10-2023,19436.1,-0.47
05-10-2023,19545.75,0.56
06-10-2023,19653.5,0.55
09-10-2023,19512.35,-0.72
10-10-2023,19689.85,0.91
11-10-2023,19811.35,0.62
12-10-2023,19794,-0.09
13-10-2023,19751.05,-0.22
16-10-2023,19731.75,-0.1
17-10-2023,19811.5,0.4
18-10-2023,19671.1,-0.71
19-10-2023,19624.7,-0.24
20-10-2023,19542.65,-0.42
23-10-2023,19281.75,-1.34
25-10-2023,19122.15,-0.83
26-10-2023,18857.25,-1.39
27-10-2023,19047.25,1.01
30-10-2023,19140.9,0.49
31-10-2023,19079.6,-0.32
01-11-2023,18989.15,-0.47
02-11-2023,19133.25,0.76
03-11-2023,19230.6,0.51
06-11-2023,19411.75,0.94
07-11-2023,19406.7,-0.03
08-11-2023,19443.5,0.19
09-11-2023,19395.3,-0.25
10-11-2023,19425.35,0.15
13-11-2023,19443.55,-0.42
15-11-2023,19675.45,1.19
16-11-2023,19765.2,0.46
17-11-2023,19731.8,-0.17
20-11-2023,19694,-0.19
21-11-2023,19783.4,0.45
22-11-2023,19811.85,0.14
23-11-2023,19802,-0.05
24-11-2023,19794.7,-0.04
28-11-2023,19889.7,0.48
29-11-2023,20096.6,1.04
30-11-2023,20133.15,0.18
01-12-2023,20267.9,0.67
04-12-2023,20686.8,2.07
05-12-2023,20855.1,0.81
06-12-2023,20937.7,0.4
07-12-2023,20901.15,-0.17
08-12-2023,20969.4,0.33
11-12-2023,20997.1,0.13
12-12-2023,20906.4,-0.43
13-12-2023,20926.35,0.1
14-12-2023,21182.7,1.23
15-12-2023,21456.65,1.29
18-12-2023,21418.65,-0.18
19-12-2023,21453.1,0.16
20-12-2023,21150.15,-1.41
21-12-2023,21255.05,0.5
22-12-2023,21349.4,0.44
26-12-2023,21441.35,0.43
27-12-2023,21654.75,1
28-12-2023,21778.7,0.57
29-12-2023,21731.4,-0.22
01-01-2024,21741.9,0.05
02-01-2024,21665.8,-0.35
03-01-2024,21517.35,-0.69
04-01-2024,21658.6,0.66
05-01-2024,21710.8,0.24
08-01-2024,21513,-0.91
09-01-2024,21544.85,0.15
10-01-2024,21618.7,0.34
11-01-2024,21647.2,0.13
12-01-2024,21894.55,1.14
15-01-2024,22097.45,0.93
16-01-2024,22032.3,-0.29
17-01-2024,21571.95,-2.09
18-01-2024,21462.25,-0.51
19-01-2024,21622.4,0.75
23-01-2024,21238.8,-1.54
24-01-2024,21453.95,1.01
25-01-2024,21352.6,-0.47
29-01-2024,21737.6,1.8
30-01-2024,21522.1,-0.99
31-01-2024,21725.7,0.95
01-02-2024,21697.45,-0.13
02-02-2024,21853.8,0.72
05-02-2024,21771.7,-0.38
06-02-2024,21929.4,0.72
07-02-2024,21930.5,0.01
08-02-2024,21717.95,-0.97
09-02-2024,21782.5,0.3
12-02-2024,21616.05,-0.76
13-02-2024,21743.25,0.59
14-02-2024,21840.05,0.45
15-02-2024,21910.75,0.32
16-02-2024,22040.7,0.59
20-02-2024,22196.95,0.34
21-02-2024,22055.05,-0.64
22-02-2024,22217.45,0.74
23-02-2024,22212.7,-0.02
26-02-2024,22122.05,-0.41
27-02-2024,22198.35,0.34
28-02-2024,21951.15,-1.11
29-02-2024,21982.8,0.14
01-03-2024,22338.75,1.62
04-03-2024,22405.6,0.12
05-03-2024,22356.3,-0.22
06-03-2024,22474.05,0.53
07-03-2024,22493.55,0.09
11-03-2024,22332.65,-0.72
12-03-2024,22335.7,0.01
13-03-2024,21997.7,-1.51
14-03-2024,22146.65,0.68
15-03-2024,22023.35,-0.56
18-03-2024,22055.7,0.15
19-03-2024,21817.45,-1.08
20-03-2024,21839.1,0.1
21-03-2024,22011.95,0.79
22-03-2024,22096.75,0.39
26-03-2024,22004.7,-0.42
27-03-2024,22123.65,0.54
28-03-2024,22326.9,0.92
02-04-2024,22453.3,-0.04
03-04-2024,22434.65,-0.08
04-04-2024,22514.65,0.36
05-04-2024,22513.7,0
08-04-2024,22666.3,0.68
10-04-2024,22753.8,0.49
12-04-2024,22519.4,-1.03
15-04-2024,22272.5,-1.1
16-04-2024,22147.9,-0.56
18-04-2024,21995.85,-0.69
19-04-2024,22147,0.69
22-04-2024,22336.4,0.86
23-04-2024,22368,0.14
24-04-2024,22402.4,0.15
25-04-2024,22570.35,0.75
26-04-2024,22419.95,-0.67
29-04-2024,22643.4,1
30-04-2024,22604.85,-0.17
02-05-2024,22648.2,0.19
03-05-2024,22475.85,-0.76
06-05-2024,22442.7,-0.15
07-05-2024,22302.5,-0.62
08-05-2024,22302.5,0
09-05-2024,21957.5,-1.55
10-05-2024,22055.2,0.44
13-05-2024,22104.05,0.22
14-05-2024,22217.85,0.51
15-05-2024,22200.55,-0.08
16-05-2024,22403.85,0.92
17-05-2024,22466.1,0.28
21-05-2024,22529.05,0.12
22-05-2024,22597.8,0.31
24-05-2024,22957.1,-0.05
27-05-2024,22932.45,-0.11
28-05-2024,22888.15,-0.19
29-05-2024,22704.7,-0.8
30-05-2024,22488.65,-0.95
31-05-2024,22530.7,0.19
03-06-2024,23263.9,3.25
04-06-2024,21884.5,-5.93
05-06-2024,22620.35,3.36
06-06-2024,22821.4,0.89
07-06-2024,23272.7,1.98